<?xml version="1.0" encoding="UTF-8"?>
<configurationDescriptor version="89">
  <logicalFolder name="root" displayName="root" projectFiles="true" kind="ROOT">
    <logicalFolder name="HeaderFiles"
                   displayName="Header Files"
                   projectFiles="true">
      <itemPath>../../../../sources/applications/stresstest/include/rtmpappprotocolhandler.h</itemPath>
      <itemPath>../../../../sources/applications/stresstest/include/stresstest.h</itemPath>
      <itemPath>../../../../sources/applications/stresstest/include/stresstestapplication.h</itemPath>
    </logicalFolder>
    <logicalFolder name="SourceFiles"
                   displayName="Source Files"
                   projectFiles="true">
      <itemPath>../../../../sources/applications/stresstest/src/rtmpappprotocolhandler.cpp</itemPath>
      <itemPath>../../../../sources/applications/stresstest/src/stresstest.cpp</itemPath>
      <itemPath>../../../../sources/applications/stresstest/src/stresstestapplication.cpp</itemPath>
    </logicalFolder>
    <logicalFolder name="ExternalFiles"
                   displayName="Important Files"
                   projectFiles="false">
      <itemPath>Makefile.nb</itemPath>
    </logicalFolder>
  </logicalFolder>
  <sourceRootList>
    <Elem>../../../sources/applications/stresstest/include</Elem>
    <Elem>../../../sources/applications/stresstest/src</Elem>
  </sourceRootList>
  <projectmakefile>Makefile.nb</projectmakefile>
  <confs>
    <conf name="Debug" type="2">
      <toolsSet>
        <remote-sources-mode>LOCAL_SOURCES</remote-sources-mode>
        <compilerSet>GNU|GNU</compilerSet>
        <dependencyChecking>true</dependencyChecking>
        <rebuildPropChanged>false</rebuildPropChanged>
      </toolsSet>
      <compileType>
        <ccTool>
          <incDir>
            <pElem>/opt/local/include</pElem>
            <pElem>../../../../sources/common/include</pElem>
            <pElem>../../../../sources/thelib/include</pElem>
            <pElem>../../../../sources/applications/stresstest/include</pElem>
          </incDir>
          <preprocessorList>
            <Elem>HAS_PROTOCOL_RTMP</Elem>
            <Elem>NET_KQUEUE</Elem>
            <Elem>OSX</Elem>
          </preprocessorList>
        </ccTool>
        <linkerTool>
          <output>../${CND_CONF}/${CND_PLATFORM}/applications/stresstest/libstresstest.dylib</output>
          <linkerLibItems>
            <linkerLibProjectItem>
              <makeArtifact PL="../thelib"
                            CT="2"
                            CN="Debug"
                            AC="true"
                            BL="true"
                            WD="../thelib"
                            BC="${MAKE}  -f Makefile.nb CONF=Debug"
                            CC="${MAKE}  -f Makefile.nb CONF=Debug clean"
                            OP="../Debug/GNU-MacOSX/libthelib.dylib">
              </makeArtifact>
            </linkerLibProjectItem>
            <linkerLibProjectItem>
              <makeArtifact PL="../common"
                            CT="2"
                            CN="Debug"
                            AC="true"
                            BL="true"
                            WD="../common"
                            BC="${MAKE}  -f Makefile.nb CONF=Debug"
                            CC="${MAKE}  -f Makefile.nb CONF=Debug clean"
                            OP="dist/Debug/GNU-MacOSX/libcommon.dylib">
              </makeArtifact>
            </linkerLibProjectItem>
          </linkerLibItems>
        </linkerTool>
      </compileType>
      <item path="../../../../sources/applications/stresstest/include/rtmpappprotocolhandler.h"
            ex="false"
            tool="3"
            flavor2="0">
      </item>
      <item path="../../../../sources/applications/stresstest/include/stresstest.h"
            ex="false"
            tool="3"
            flavor2="0">
      </item>
      <item path="../../../../sources/applications/stresstest/include/stresstestapplication.h"
            ex="false"
            tool="3"
            flavor2="0">
      </item>
      <item path="../../../../sources/applications/stresstest/src/rtmpappprotocolhandler.cpp"
            ex="false"
            tool="1"
            flavor2="0">
      </item>
      <item path="../../../../sources/applications/stresstest/src/stresstest.cpp"
            ex="false"
            tool="1"
            flavor2="0">
      </item>
      <item path="../../../../sources/applications/stresstest/src/stresstestapplication.cpp"
            ex="false"
            tool="1"
            flavor2="0">
      </item>
    </conf>
    <conf name="Release" type="2">
      <toolsSet>
        <remote-sources-mode>LOCAL_SOURCES</remote-sources-mode>
        <compilerSet>GNU|GNU</compilerSet>
        <dependencyChecking>true</dependencyChecking>
        <rebuildPropChanged>false</rebuildPropChanged>
      </toolsSet>
      <compileType>
        <cTool>
          <developmentMode>5</developmentMode>
        </cTool>
        <ccTool>
          <developmentMode>5</developmentMode>
          <incDir>
            <pElem>/opt/local/include</pElem>
            <pElem>../../../../sources/common/include</pElem>
            <pElem>../../../../sources/thelib/include</pElem>
            <pElem>../../../../sources/applications/stresstest/include</pElem>
          </incDir>
          <preprocessorList>
            <Elem>NET_KQUEUE</Elem>
            <Elem>OSX</Elem>
          </preprocessorList>
        </ccTool>
        <fortranCompilerTool>
          <developmentMode>5</developmentMode>
        </fortranCompilerTool>
        <linkerTool>
          <output>../${CND_CONF}/${CND_PLATFORM}/applications/stresstest/libstresstest.dylib</output>
          <linkerLibItems>
            <linkerLibProjectItem>
              <makeArtifact PL="../common"
                            CT="2"
                            CN="Release"
                            AC="false"
                            BL="true"
                            WD="../common"
                            BC="${MAKE}  -f Makefile.nb CONF=Release"
                            CC="${MAKE}  -f Makefile.nb CONF=Release clean"
                            OP="dist/Release/GNU-MacOSX/libcommon.dylib">
              </makeArtifact>
            </linkerLibProjectItem>
            <linkerLibProjectItem>
              <makeArtifact PL="../thelib"
                            CT="2"
                            CN="Release"
                            AC="false"
                            BL="true"
                            WD="../thelib"
                            BC="${MAKE}  -f Makefile.nb CONF=Release"
                            CC="${MAKE}  -f Makefile.nb CONF=Release clean"
                            OP="../Release/GNU-MacOSX/libthelib.dylib">
              </makeArtifact>
            </linkerLibProjectItem>
          </linkerLibItems>
        </linkerTool>
      </compileType>
      <item path="../../../../sources/applications/stresstest/include/rtmpappprotocolhandler.h"
            ex="false"
            tool="3"
            flavor2="0">
      </item>
      <item path="../../../../sources/applications/stresstest/include/stresstest.h"
            ex="false"
            tool="3"
            flavor2="0">
      </item>
      <item path="../../../../sources/applications/stresstest/include/stresstestapplication.h"
            ex="false"
            tool="3"
            flavor2="0">
      </item>
      <item path="../../../../sources/applications/stresstest/src/rtmpappprotocolhandler.cpp"
            ex="false"
            tool="1"
            flavor2="0">
      </item>
      <item path="../../../../sources/applications/stresstest/src/stresstest.cpp"
            ex="false"
            tool="1"
            flavor2="0">
      </item>
      <item path="../../../../sources/applications/stresstest/src/stresstestapplication.cpp"
            ex="false"
            tool="1"
            flavor2="0">
      </item>
    </conf>
  </confs>
</configurationDescriptor>
