<?xml version="1.0" encoding="UTF-8"?>
<configurationDescriptor version="89">
  <logicalFolder name="root" displayName="root" projectFiles="true" kind="ROOT">
    <logicalFolder name="f1" displayName="apps" projectFiles="true">
      <itemPath>../../../cmake/applications/vmapp/crtmpserverdefaults.lua</itemPath>
      <itemPath>../../../cmake/applications/vmapp/flvplayback.lua</itemPath>
      <itemPath>../../../cmake/applications/vmapp/testapp.lua</itemPath>
    </logicalFolder>
    <logicalFolder name="include" displayName="include" projectFiles="true">
      <logicalFolder name="vm" displayName="vm" projectFiles="true">
        <logicalFolder name="lua" displayName="lua" projectFiles="true">
          <itemPath>../../../../sources/applications/vmapp/include/vm/lua/luaapi_application.h</itemPath>
          <itemPath>../../../../sources/applications/vmapp/include/vm/lua/luaapi_generics.h</itemPath>
          <itemPath>../../../../sources/applications/vmapp/include/vm/lua/luaapi_handler_mpegts.h</itemPath>
          <itemPath>../../../../sources/applications/vmapp/include/vm/lua/luaapi_handler_rtmp.h</itemPath>
          <itemPath>../../../../sources/applications/vmapp/include/vm/lua/luaapi_helpers.h</itemPath>
          <itemPath>../../../../sources/applications/vmapp/include/vm/lua/luaapi_protocols.h</itemPath>
          <itemPath>../../../../sources/applications/vmapp/include/vm/lua/luaappvirtualmachine.h</itemPath>
        </logicalFolder>
        <itemPath>../../../../sources/applications/vmapp/include/vm/baseappvirtualmachine.h</itemPath>
      </logicalFolder>
      <itemPath>../../../../sources/applications/vmapp/include/rtmpappprotocolhandler.h</itemPath>
      <itemPath>../../../../sources/applications/vmapp/include/rtpappprotocolhandler.h</itemPath>
      <itemPath>../../../../sources/applications/vmapp/include/rtspappprotocolhandler.h</itemPath>
      <itemPath>../../../../sources/applications/vmapp/include/tsappprotocolhandler.h</itemPath>
      <itemPath>../../../../sources/applications/vmapp/include/vmapp.h</itemPath>
      <itemPath>../../../../sources/applications/vmapp/include/vmappapplication.h</itemPath>
    </logicalFolder>
    <logicalFolder name="src" displayName="src" projectFiles="true">
      <logicalFolder name="vm" displayName="vm" projectFiles="true">
        <logicalFolder name="lua" displayName="lua" projectFiles="true">
          <itemPath>../../../../sources/applications/vmapp/src/vm/lua/luaapi_application.cpp</itemPath>
          <itemPath>../../../../sources/applications/vmapp/src/vm/lua/luaapi_generics.cpp</itemPath>
          <itemPath>../../../../sources/applications/vmapp/src/vm/lua/luaapi_handler_mpegts.cpp</itemPath>
          <itemPath>../../../../sources/applications/vmapp/src/vm/lua/luaapi_handler_rtmp.cpp</itemPath>
          <itemPath>../../../../sources/applications/vmapp/src/vm/lua/luaapi_protocols.cpp</itemPath>
          <itemPath>../../../../sources/applications/vmapp/src/vm/lua/luaappvirtualmachine.cpp</itemPath>
        </logicalFolder>
        <itemPath>../../../../sources/applications/vmapp/src/vm/baseappvirtualmachine.cpp</itemPath>
      </logicalFolder>
      <itemPath>../../../../sources/applications/vmapp/src/rtmpappprotocolhandler.cpp</itemPath>
      <itemPath>../../../../sources/applications/vmapp/src/rtpappprotocolhandler.cpp</itemPath>
      <itemPath>../../../../sources/applications/vmapp/src/rtspappprotocolhandler.cpp</itemPath>
      <itemPath>../../../../sources/applications/vmapp/src/tsappprotocolhandler.cpp</itemPath>
      <itemPath>../../../../sources/applications/vmapp/src/vmapp.cpp</itemPath>
      <itemPath>../../../../sources/applications/vmapp/src/vmappapplication.cpp</itemPath>
    </logicalFolder>
    <logicalFolder name="ExternalFiles"
                   displayName="Important Files"
                   projectFiles="false">
      <itemPath>Makefile.nb</itemPath>
    </logicalFolder>
  </logicalFolder>
  <sourceRootList>
    <Elem>../../../sources/applications/luavmapp/include</Elem>
    <Elem>../../../sources/applications/luavmapp/src</Elem>
    <Elem>../../../../sources/applications/luavmapp/include/vm</Elem>
    <Elem>../../../../sources/applications/luavmapp/src/vm</Elem>
    <Elem>../../../../sources/applications/vmapp/include</Elem>
    <Elem>../../../../sources/applications/vmapp/src</Elem>
  </sourceRootList>
  <projectmakefile>Makefile.nb</projectmakefile>
  <confs>
    <conf name="Debug" type="2">
      <toolsSet>
        <remote-sources-mode>LOCAL_SOURCES</remote-sources-mode>
        <compilerSet>GNU|GNU</compilerSet>
        <dependencyChecking>true</dependencyChecking>
        <rebuildPropChanged>false</rebuildPropChanged>
      </toolsSet>
      <compileType>
        <ccTool>
          <incDir>
            <pElem>/opt/local/include</pElem>
            <pElem>../../../../sources/common/include</pElem>
            <pElem>../../../../sources/thelib/include</pElem>
            <pElem>../../../../sources/applications/vmapp/include</pElem>
            <pElem>../../../../sources/vm/include</pElem>
          </incDir>
          <preprocessorList>
            <Elem>HAS_LUA</Elem>
            <Elem>HAS_PROTOCOL_RTMP</Elem>
            <Elem>HAS_V8</Elem>
            <Elem>NET_KQUEUE</Elem>
            <Elem>OSX</Elem>
          </preprocessorList>
        </ccTool>
        <linkerTool>
          <output>../${CND_CONF}/${CND_PLATFORM}/applications/luavmapp/libluavmapp.dylib</output>
          <linkerLibItems>
            <linkerLibProjectItem>
              <makeArtifact PL="../thelib"
                            CT="2"
                            CN="Debug"
                            AC="true"
                            BL="true"
                            WD="../thelib"
                            BC="${MAKE}  -f Makefile.nb CONF=Debug"
                            CC="${MAKE}  -f Makefile.nb CONF=Debug clean"
                            OP="../Debug/GNU-MacOSX/libthelib.dylib">
              </makeArtifact>
            </linkerLibProjectItem>
            <linkerLibProjectItem>
              <makeArtifact PL="../common"
                            CT="2"
                            CN="Debug"
                            AC="true"
                            BL="true"
                            WD="../common"
                            BC="${MAKE}  -f Makefile.nb CONF=Debug"
                            CC="${MAKE}  -f Makefile.nb CONF=Debug clean"
                            OP="dist/Debug/GNU-MacOSX/libcommon.dylib">
              </makeArtifact>
            </linkerLibProjectItem>
          </linkerLibItems>
        </linkerTool>
      </compileType>
      <item path="../../../../sources/applications/vmapp/include/rtmpappprotocolhandler.h"
            ex="false"
            tool="3"
            flavor2="0">
      </item>
      <item path="../../../../sources/applications/vmapp/include/rtpappprotocolhandler.h"
            ex="false"
            tool="3"
            flavor2="0">
      </item>
      <item path="../../../../sources/applications/vmapp/include/rtspappprotocolhandler.h"
            ex="false"
            tool="3"
            flavor2="0">
      </item>
      <item path="../../../../sources/applications/vmapp/include/tsappprotocolhandler.h"
            ex="false"
            tool="3"
            flavor2="0">
      </item>
      <item path="../../../../sources/applications/vmapp/include/vm/baseappvirtualmachine.h"
            ex="false"
            tool="3"
            flavor2="0">
      </item>
      <item path="../../../../sources/applications/vmapp/include/vm/lua/luaapi_application.h"
            ex="false"
            tool="3"
            flavor2="0">
      </item>
      <item path="../../../../sources/applications/vmapp/include/vm/lua/luaapi_generics.h"
            ex="false"
            tool="3"
            flavor2="0">
      </item>
      <item path="../../../../sources/applications/vmapp/include/vm/lua/luaapi_handler_mpegts.h"
            ex="false"
            tool="3"
            flavor2="0">
      </item>
      <item path="../../../../sources/applications/vmapp/include/vm/lua/luaapi_handler_rtmp.h"
            ex="false"
            tool="3"
            flavor2="0">
      </item>
      <item path="../../../../sources/applications/vmapp/include/vm/lua/luaapi_helpers.h"
            ex="false"
            tool="3"
            flavor2="0">
      </item>
      <item path="../../../../sources/applications/vmapp/include/vm/lua/luaapi_protocols.h"
            ex="false"
            tool="3"
            flavor2="0">
      </item>
      <item path="../../../../sources/applications/vmapp/include/vm/lua/luaappvirtualmachine.h"
            ex="false"
            tool="3"
            flavor2="0">
      </item>
      <item path="../../../../sources/applications/vmapp/include/vmapp.h"
            ex="false"
            tool="3"
            flavor2="0">
      </item>
      <item path="../../../../sources/applications/vmapp/include/vmappapplication.h"
            ex="false"
            tool="3"
            flavor2="0">
      </item>
      <item path="../../../../sources/applications/vmapp/src/rtmpappprotocolhandler.cpp"
            ex="false"
            tool="1"
            flavor2="0">
      </item>
      <item path="../../../../sources/applications/vmapp/src/rtpappprotocolhandler.cpp"
            ex="false"
            tool="1"
            flavor2="0">
      </item>
      <item path="../../../../sources/applications/vmapp/src/rtspappprotocolhandler.cpp"
            ex="false"
            tool="1"
            flavor2="0">
      </item>
      <item path="../../../../sources/applications/vmapp/src/tsappprotocolhandler.cpp"
            ex="false"
            tool="1"
            flavor2="0">
      </item>
      <item path="../../../../sources/applications/vmapp/src/vm/baseappvirtualmachine.cpp"
            ex="false"
            tool="1"
            flavor2="0">
      </item>
      <item path="../../../../sources/applications/vmapp/src/vm/lua/luaapi_application.cpp"
            ex="false"
            tool="1"
            flavor2="0">
      </item>
      <item path="../../../../sources/applications/vmapp/src/vm/lua/luaapi_generics.cpp"
            ex="false"
            tool="1"
            flavor2="0">
      </item>
      <item path="../../../../sources/applications/vmapp/src/vm/lua/luaapi_handler_mpegts.cpp"
            ex="false"
            tool="1"
            flavor2="0">
      </item>
      <item path="../../../../sources/applications/vmapp/src/vm/lua/luaapi_handler_rtmp.cpp"
            ex="false"
            tool="1"
            flavor2="0">
      </item>
      <item path="../../../../sources/applications/vmapp/src/vm/lua/luaapi_protocols.cpp"
            ex="false"
            tool="1"
            flavor2="0">
      </item>
      <item path="../../../../sources/applications/vmapp/src/vm/lua/luaappvirtualmachine.cpp"
            ex="false"
            tool="1"
            flavor2="0">
      </item>
      <item path="../../../../sources/applications/vmapp/src/vmapp.cpp"
            ex="false"
            tool="1"
            flavor2="0">
      </item>
      <item path="../../../../sources/applications/vmapp/src/vmappapplication.cpp"
            ex="false"
            tool="1"
            flavor2="0">
      </item>
      <item path="../../../cmake/applications/vmapp/crtmpserverdefaults.lua"
            ex="false"
            tool="3"
            flavor2="0">
      </item>
      <item path="../../../cmake/applications/vmapp/flvplayback.lua"
            ex="false"
            tool="3"
            flavor2="0">
      </item>
      <item path="../../../cmake/applications/vmapp/testapp.lua"
            ex="false"
            tool="3"
            flavor2="0">
      </item>
    </conf>
    <conf name="Release" type="2">
      <toolsSet>
        <remote-sources-mode>LOCAL_SOURCES</remote-sources-mode>
        <compilerSet>GNU|GNU</compilerSet>
        <dependencyChecking>true</dependencyChecking>
        <rebuildPropChanged>false</rebuildPropChanged>
      </toolsSet>
      <compileType>
        <cTool>
          <developmentMode>5</developmentMode>
        </cTool>
        <ccTool>
          <developmentMode>5</developmentMode>
          <incDir>
            <pElem>/opt/local/include</pElem>
            <pElem>../../../../sources/common/include</pElem>
            <pElem>../../../../sources/thelib/include</pElem>
            <pElem>../../../../sources/applications/luavmapp/include</pElem>
            <pElem>../../../../sources/vm/include</pElem>
          </incDir>
          <preprocessorList>
            <Elem>NET_KQUEUE</Elem>
            <Elem>OSX</Elem>
          </preprocessorList>
        </ccTool>
        <fortranCompilerTool>
          <developmentMode>5</developmentMode>
        </fortranCompilerTool>
        <linkerTool>
          <output>../${CND_CONF}/${CND_PLATFORM}/applications/luavmapp/libluavmapp.dylib</output>
          <linkerLibItems>
            <linkerLibProjectItem>
              <makeArtifact PL="../common"
                            CT="2"
                            CN="Release"
                            AC="false"
                            BL="true"
                            WD="../common"
                            BC="${MAKE}  -f Makefile.nb CONF=Release"
                            CC="${MAKE}  -f Makefile.nb CONF=Release clean"
                            OP="dist/Release/GNU-MacOSX/libcommon.dylib">
              </makeArtifact>
            </linkerLibProjectItem>
            <linkerLibProjectItem>
              <makeArtifact PL="../thelib"
                            CT="2"
                            CN="Release"
                            AC="false"
                            BL="true"
                            WD="../thelib"
                            BC="${MAKE}  -f Makefile.nb CONF=Release"
                            CC="${MAKE}  -f Makefile.nb CONF=Release clean"
                            OP="../Release/GNU-MacOSX/libthelib.dylib">
              </makeArtifact>
            </linkerLibProjectItem>
          </linkerLibItems>
        </linkerTool>
      </compileType>
      <item path="../../../../sources/applications/vmapp/include/rtmpappprotocolhandler.h"
            ex="false"
            tool="3"
            flavor2="0">
      </item>
      <item path="../../../../sources/applications/vmapp/include/rtpappprotocolhandler.h"
            ex="false"
            tool="3"
            flavor2="0">
      </item>
      <item path="../../../../sources/applications/vmapp/include/rtspappprotocolhandler.h"
            ex="false"
            tool="3"
            flavor2="0">
      </item>
      <item path="../../../../sources/applications/vmapp/include/tsappprotocolhandler.h"
            ex="false"
            tool="3"
            flavor2="0">
      </item>
      <item path="../../../../sources/applications/vmapp/include/vm/baseappvirtualmachine.h"
            ex="false"
            tool="3"
            flavor2="0">
      </item>
      <item path="../../../../sources/applications/vmapp/include/vm/lua/luaapi_application.h"
            ex="false"
            tool="3"
            flavor2="0">
      </item>
      <item path="../../../../sources/applications/vmapp/include/vm/lua/luaapi_generics.h"
            ex="false"
            tool="3"
            flavor2="0">
      </item>
      <item path="../../../../sources/applications/vmapp/include/vm/lua/luaapi_handler_mpegts.h"
            ex="false"
            tool="3"
            flavor2="0">
      </item>
      <item path="../../../../sources/applications/vmapp/include/vm/lua/luaapi_handler_rtmp.h"
            ex="false"
            tool="3"
            flavor2="0">
      </item>
      <item path="../../../../sources/applications/vmapp/include/vm/lua/luaapi_helpers.h"
            ex="false"
            tool="3"
            flavor2="0">
      </item>
      <item path="../../../../sources/applications/vmapp/include/vm/lua/luaapi_protocols.h"
            ex="false"
            tool="3"
            flavor2="0">
      </item>
      <item path="../../../../sources/applications/vmapp/include/vm/lua/luaappvirtualmachine.h"
            ex="false"
            tool="3"
            flavor2="0">
      </item>
      <item path="../../../../sources/applications/vmapp/include/vmapp.h"
            ex="false"
            tool="3"
            flavor2="0">
      </item>
      <item path="../../../../sources/applications/vmapp/include/vmappapplication.h"
            ex="false"
            tool="3"
            flavor2="0">
      </item>
      <item path="../../../../sources/applications/vmapp/src/rtmpappprotocolhandler.cpp"
            ex="false"
            tool="1"
            flavor2="0">
      </item>
      <item path="../../../../sources/applications/vmapp/src/rtpappprotocolhandler.cpp"
            ex="false"
            tool="1"
            flavor2="0">
      </item>
      <item path="../../../../sources/applications/vmapp/src/rtspappprotocolhandler.cpp"
            ex="false"
            tool="1"
            flavor2="0">
      </item>
      <item path="../../../../sources/applications/vmapp/src/tsappprotocolhandler.cpp"
            ex="false"
            tool="1"
            flavor2="0">
      </item>
      <item path="../../../../sources/applications/vmapp/src/vm/baseappvirtualmachine.cpp"
            ex="false"
            tool="1"
            flavor2="0">
      </item>
      <item path="../../../../sources/applications/vmapp/src/vm/lua/luaapi_application.cpp"
            ex="false"
            tool="1"
            flavor2="0">
      </item>
      <item path="../../../../sources/applications/vmapp/src/vm/lua/luaapi_generics.cpp"
            ex="false"
            tool="1"
            flavor2="0">
      </item>
      <item path="../../../../sources/applications/vmapp/src/vm/lua/luaapi_handler_mpegts.cpp"
            ex="false"
            tool="1"
            flavor2="0">
      </item>
      <item path="../../../../sources/applications/vmapp/src/vm/lua/luaapi_handler_rtmp.cpp"
            ex="false"
            tool="1"
            flavor2="0">
      </item>
      <item path="../../../../sources/applications/vmapp/src/vm/lua/luaapi_protocols.cpp"
            ex="false"
            tool="1"
            flavor2="0">
      </item>
      <item path="../../../../sources/applications/vmapp/src/vm/lua/luaappvirtualmachine.cpp"
            ex="false"
            tool="1"
            flavor2="0">
      </item>
      <item path="../../../../sources/applications/vmapp/src/vmapp.cpp"
            ex="false"
            tool="1"
            flavor2="0">
      </item>
      <item path="../../../../sources/applications/vmapp/src/vmappapplication.cpp"
            ex="false"
            tool="1"
            flavor2="0">
      </item>
      <item path="../../../cmake/applications/vmapp/crtmpserverdefaults.lua"
            ex="false"
            tool="3"
            flavor2="0">
      </item>
      <item path="../../../cmake/applications/vmapp/flvplayback.lua"
            ex="false"
            tool="3"
            flavor2="0">
      </item>
      <item path="../../../cmake/applications/vmapp/testapp.lua"
            ex="false"
            tool="3"
            flavor2="0">
      </item>
    </conf>
  </confs>
</configurationDescriptor>
