<?xml version="1.0" encoding="UTF-8"?>
<configurationDescriptor version="89">
  <logicalFolder name="root" displayName="root" projectFiles="true" kind="ROOT">
    <logicalFolder name="include" displayName="include" projectFiles="true">
      <itemPath>../../../../sources/androidapplestreaming/include/api.h</itemPath>
      <itemPath>../../../../sources/androidapplestreaming/include/jniwrapper.h</itemPath>
      <itemPath>../../../../sources/androidapplestreaming/include/variantconnection.h</itemPath>
    </logicalFolder>
    <logicalFolder name="src" displayName="src" projectFiles="true">
      <itemPath>../../../../sources/androidapplestreaming/src/api.cpp</itemPath>
      <itemPath>../../../../sources/androidapplestreaming/src/jniwrapper.cpp</itemPath>
      <itemPath>../../../../sources/androidapplestreaming/src/main.cpp</itemPath>
      <itemPath>../../../../sources/androidapplestreaming/src/variantconnection.cpp</itemPath>
    </logicalFolder>
    <logicalFolder name="TestFiles"
                   displayName="Test Files"
                   projectFiles="false"
                   kind="TEST_LOGICAL_FOLDER">
    </logicalFolder>
    <logicalFolder name="ExternalFiles"
                   displayName="Important Files"
                   projectFiles="false"
                   kind="IMPORTANT_FILES_FOLDER">
      <itemPath>Makefile.nb</itemPath>
    </logicalFolder>
  </logicalFolder>
  <sourceRootList>
    <Elem>../../../../sources/androidapplestreaming/include</Elem>
    <Elem>../../../../sources/androidapplestreaming/src</Elem>
  </sourceRootList>
  <projectmakefile>Makefile.nb</projectmakefile>
  <confs>
    <conf name="Debug" type="2">
      <toolsSet>
        <remote-sources-mode>LOCAL_SOURCES</remote-sources-mode>
        <compilerSet>GNU|GNU</compilerSet>
        <dependencyChecking>true</dependencyChecking>
        <rebuildPropChanged>false</rebuildPropChanged>
      </toolsSet>
      <compileType>
        <ccTool>
          <incDir>
            <pElem>../../../../sources/common/include</pElem>
            <pElem>../../../../sources/thelib/include</pElem>
            <pElem>../../../../sources/androidapplestreaming/include</pElem>
            <pElem>../../../../sources/applications/applestreamingclient/include</pElem>
            <pElem>../../../../../android/workbench/android-ndk-r4-crystax/build/platforms/android-4/arch-arm/usr/include</pElem>
          </incDir>
          <preprocessorList>
            <Elem>ANDROID</Elem>
            <Elem>NET_KQUEUE</Elem>
            <Elem>OSX</Elem>
          </preprocessorList>
        </ccTool>
      </compileType>
      <item path="../../../../sources/androidapplestreaming/include/api.h"
            ex="false"
            tool="3"
            flavor2="0">
      </item>
      <item path="../../../../sources/androidapplestreaming/include/jniwrapper.h"
            ex="false"
            tool="3"
            flavor2="0">
      </item>
      <item path="../../../../sources/androidapplestreaming/include/variantconnection.h"
            ex="false"
            tool="3"
            flavor2="0">
      </item>
      <item path="../../../../sources/androidapplestreaming/src/api.cpp"
            ex="false"
            tool="1"
            flavor2="0">
      </item>
      <item path="../../../../sources/androidapplestreaming/src/jniwrapper.cpp"
            ex="false"
            tool="1"
            flavor2="0">
      </item>
      <item path="../../../../sources/androidapplestreaming/src/main.cpp"
            ex="false"
            tool="1"
            flavor2="0">
      </item>
      <item path="../../../../sources/androidapplestreaming/src/variantconnection.cpp"
            ex="false"
            tool="1"
            flavor2="0">
      </item>
    </conf>
    <conf name="Release" type="2">
      <toolsSet>
        <remote-sources-mode>LOCAL_SOURCES</remote-sources-mode>
        <compilerSet>GNU|GNU</compilerSet>
        <dependencyChecking>true</dependencyChecking>
        <rebuildPropChanged>false</rebuildPropChanged>
      </toolsSet>
      <compileType>
        <cTool>
          <developmentMode>5</developmentMode>
        </cTool>
        <ccTool>
          <developmentMode>5</developmentMode>
          <incDir>
            <pElem>../../../../sources/common/include</pElem>
            <pElem>../../../../sources/thelib/include</pElem>
            <pElem>../../../../sources/androidapplestreaming/include</pElem>
            <pElem>../../../../sources/applications/applestreamingclient/include</pElem>
            <pElem>../../../../../android/workbench/android-ndk-r4-crystax/build/platforms/android-4/arch-arm/usr/include</pElem>
          </incDir>
          <preprocessorList>
            <Elem>ANDROID</Elem>
            <Elem>NET_KQUEUE</Elem>
            <Elem>OSX</Elem>
          </preprocessorList>
        </ccTool>
        <fortranCompilerTool>
          <developmentMode>5</developmentMode>
        </fortranCompilerTool>
        <asmTool>
          <developmentMode>5</developmentMode>
        </asmTool>
      </compileType>
      <item path="../../../../sources/androidapplestreaming/include/api.h"
            ex="false"
            tool="3"
            flavor2="0">
      </item>
      <item path="../../../../sources/androidapplestreaming/include/jniwrapper.h"
            ex="false"
            tool="3"
            flavor2="0">
      </item>
      <item path="../../../../sources/androidapplestreaming/include/variantconnection.h"
            ex="false"
            tool="3"
            flavor2="0">
      </item>
      <item path="../../../../sources/androidapplestreaming/src/api.cpp"
            ex="false"
            tool="1"
            flavor2="0">
      </item>
      <item path="../../../../sources/androidapplestreaming/src/jniwrapper.cpp"
            ex="false"
            tool="1"
            flavor2="0">
      </item>
      <item path="../../../../sources/androidapplestreaming/src/main.cpp"
            ex="false"
            tool="1"
            flavor2="0">
      </item>
      <item path="../../../../sources/androidapplestreaming/src/variantconnection.cpp"
            ex="false"
            tool="1"
            flavor2="0">
      </item>
    </conf>
  </confs>
</configurationDescriptor>
