<?xml version="1.0" encoding="UTF-8"?>
<project xmlns="http://www.netbeans.org/ns/project/1">
    <type>org.netbeans.modules.cnd.makeproject</type>
    <configuration>
        <data xmlns="http://www.netbeans.org/ns/make-project/1">
            <name>androidapplestreaming</name>
            <make-project-type>0</make-project-type>
            <c-extensions/>
            <cpp-extensions>cpp</cpp-extensions>
            <header-extensions>h</header-extensions>
            <sourceEncoding>UTF-8</sourceEncoding>
            <make-dep-projects/>
            <sourceRootList>
                <sourceRootElem>../../../../sources/androidapplestreaming/include</sourceRootElem>
                <sourceRootElem>../../../../sources/androidapplestreaming/src</sourceRootElem>
            </sourceRootList>
            <confList>
                <confElem>
                    <name>Debug</name>
                    <type>2</type>
                </confElem>
                <confElem>
                    <name>Release</name>
                    <type>2</type>
                </confElem>
            </confList>
        </data>
    </configuration>
</project>
