<?xml version="1.0" encoding="UTF-8"?>
<configurationDescriptor version="89">
  <logicalFolder name="root" displayName="root" projectFiles="true" kind="ROOT">
    <logicalFolder name="include" displayName="include" projectFiles="true">
      <logicalFolder name="eventsink" displayName="eventsink" projectFiles="true">
        <itemPath>../../../../sources/applications/applestreamingclient/include/eventsink/baseeventsink.h</itemPath>
        <itemPath>../../../../sources/applications/applestreamingclient/include/eventsink/rtmpeventsink.h</itemPath>
        <itemPath>../../../../sources/applications/applestreamingclient/include/eventsink/varianteventsink.h</itemPath>
      </logicalFolder>
      <logicalFolder name="protocols" displayName="protocols" projectFiles="true">
        <logicalFolder name="aes" displayName="aes" projectFiles="true">
          <itemPath>../../../../sources/applications/applestreamingclient/include/protocols/aes/aesappprotocolhandler.h</itemPath>
          <itemPath>../../../../sources/applications/applestreamingclient/include/protocols/aes/inboundaesprotocol.h</itemPath>
        </logicalFolder>
        <logicalFolder name="httpbuff" displayName="httpbuff" projectFiles="true">
          <itemPath>../../../../sources/applications/applestreamingclient/include/protocols/httpbuff/httpbuffappprotocolhandler.h</itemPath>
          <itemPath>../../../../sources/applications/applestreamingclient/include/protocols/httpbuff/httpbufferprotocol.h</itemPath>
        </logicalFolder>
        <logicalFolder name="key" displayName="key" projectFiles="true">
          <itemPath>../../../../sources/applications/applestreamingclient/include/protocols/key/inboundkeyprotocol.h</itemPath>
          <itemPath>../../../../sources/applications/applestreamingclient/include/protocols/key/keyappprotocolhandler.h</itemPath>
        </logicalFolder>
        <logicalFolder name="m3u8" displayName="m3u8" projectFiles="true">
          <itemPath>../../../../sources/applications/applestreamingclient/include/protocols/m3u8/basem3u8protocol.h</itemPath>
          <itemPath>../../../../sources/applications/applestreamingclient/include/protocols/m3u8/childm3u8protocol.h</itemPath>
          <itemPath>../../../../sources/applications/applestreamingclient/include/protocols/m3u8/m3u8appprotocolhandler.h</itemPath>
          <itemPath>../../../../sources/applications/applestreamingclient/include/protocols/m3u8/masterm3u8protocol.h</itemPath>
        </logicalFolder>
        <logicalFolder name="rtmp" displayName="rtmp" projectFiles="true">
          <itemPath>../../../../sources/applications/applestreamingclient/include/protocols/rtmp/rtmpappprotocolhandler.h</itemPath>
        </logicalFolder>
        <logicalFolder name="rtp" displayName="rtp" projectFiles="true">
          <itemPath>../../../../sources/applications/applestreamingclient/include/protocols/rtp/rtspappprotocolhandler.h</itemPath>
        </logicalFolder>
        <logicalFolder name="timer" displayName="timer" projectFiles="true">
          <itemPath>../../../../sources/applications/applestreamingclient/include/protocols/timer/finetimer.h</itemPath>
          <itemPath>../../../../sources/applications/applestreamingclient/include/protocols/timer/scheduletimerprotocol.h</itemPath>
        </logicalFolder>
        <logicalFolder name="ts" displayName="ts" projectFiles="true">
          <itemPath>../../../../sources/applications/applestreamingclient/include/protocols/ts/tsappprotocolhandler.h</itemPath>
        </logicalFolder>
        <logicalFolder name="variant" displayName="variant" projectFiles="true">
          <itemPath>../../../../sources/applications/applestreamingclient/include/protocols/variant/messagestructure.h</itemPath>
          <itemPath>../../../../sources/applications/applestreamingclient/include/protocols/variant/variantappprotocolhandler.h</itemPath>
        </logicalFolder>
        <itemPath>../../../../sources/applications/applestreamingclient/include/protocols/genericprotocol.h</itemPath>
        <itemPath>../../../../sources/applications/applestreamingclient/include/protocols/protocolfactory.h</itemPath>
      </logicalFolder>
      <itemPath>../../../../sources/applications/applestreamingclient/include/applestreamingclient.h</itemPath>
      <itemPath>../../../../sources/applications/applestreamingclient/include/applestreamingclientapplication.h</itemPath>
      <itemPath>../../../../sources/applications/applestreamingclient/include/clientcontext.h</itemPath>
      <itemPath>../../../../sources/applications/applestreamingclient/include/jnihelpers.h</itemPath>
      <itemPath>../../../../sources/applications/applestreamingclient/include/playlist.h</itemPath>
      <itemPath>../../../../sources/applications/applestreamingclient/include/speedcomputer.h</itemPath>
    </logicalFolder>
    <logicalFolder name="src" displayName="src" projectFiles="true">
      <logicalFolder name="eventsink" displayName="eventsink" projectFiles="true">
        <itemPath>../../../../sources/applications/applestreamingclient/src/eventsink/baseeventsink.cpp</itemPath>
        <itemPath>../../../../sources/applications/applestreamingclient/src/eventsink/rtmpeventsink.cpp</itemPath>
        <itemPath>../../../../sources/applications/applestreamingclient/src/eventsink/varianteventsink.cpp</itemPath>
      </logicalFolder>
      <logicalFolder name="protocols" displayName="protocols" projectFiles="true">
        <logicalFolder name="aes" displayName="aes" projectFiles="true">
          <itemPath>../../../../sources/applications/applestreamingclient/src/protocols/aes/aesappprotocolhandler.cpp</itemPath>
          <itemPath>../../../../sources/applications/applestreamingclient/src/protocols/aes/inboundaesprotocol.cpp</itemPath>
        </logicalFolder>
        <logicalFolder name="httpbuff" displayName="httpbuff" projectFiles="true">
          <itemPath>../../../../sources/applications/applestreamingclient/src/protocols/httpbuff/httpbuffappprotocolhandler.cpp</itemPath>
          <itemPath>../../../../sources/applications/applestreamingclient/src/protocols/httpbuff/httpbufferprotocol.cpp</itemPath>
        </logicalFolder>
        <logicalFolder name="key" displayName="key" projectFiles="true">
          <itemPath>../../../../sources/applications/applestreamingclient/src/protocols/key/inboundkeyprotocol.cpp</itemPath>
          <itemPath>../../../../sources/applications/applestreamingclient/src/protocols/key/keyappprotocolhandler.cpp</itemPath>
        </logicalFolder>
        <logicalFolder name="m3u8" displayName="m3u8" projectFiles="true">
          <itemPath>../../../../sources/applications/applestreamingclient/src/protocols/m3u8/basem3u8protocol.cpp</itemPath>
          <itemPath>../../../../sources/applications/applestreamingclient/src/protocols/m3u8/childm3u8protocol.cpp</itemPath>
          <itemPath>../../../../sources/applications/applestreamingclient/src/protocols/m3u8/m3u8appprotocolhandler.cpp</itemPath>
          <itemPath>../../../../sources/applications/applestreamingclient/src/protocols/m3u8/masterm3u8protocol.cpp</itemPath>
        </logicalFolder>
        <logicalFolder name="rtmp" displayName="rtmp" projectFiles="true">
          <itemPath>../../../../sources/applications/applestreamingclient/src/protocols/rtmp/rtmpappprotocolhandler.cpp</itemPath>
        </logicalFolder>
        <logicalFolder name="rtp" displayName="rtp" projectFiles="true">
          <itemPath>../../../../sources/applications/applestreamingclient/src/protocols/rtp/rtspappprotocolhandler.cpp</itemPath>
        </logicalFolder>
        <logicalFolder name="timer" displayName="timer" projectFiles="true">
          <itemPath>../../../../sources/applications/applestreamingclient/src/protocols/timer/finetimer.cpp</itemPath>
          <itemPath>../../../../sources/applications/applestreamingclient/src/protocols/timer/scheduletimerprotocol.cpp</itemPath>
        </logicalFolder>
        <logicalFolder name="ts" displayName="ts" projectFiles="true">
          <itemPath>../../../../sources/applications/applestreamingclient/src/protocols/ts/tsappprotocolhandler.cpp</itemPath>
        </logicalFolder>
        <logicalFolder name="variant" displayName="variant" projectFiles="true">
          <itemPath>../../../../sources/applications/applestreamingclient/src/protocols/variant/variantappprotocolhandler.cpp</itemPath>
        </logicalFolder>
        <itemPath>../../../../sources/applications/applestreamingclient/src/protocols/genericprotocol.cpp</itemPath>
        <itemPath>../../../../sources/applications/applestreamingclient/src/protocols/protocolfactory.cpp</itemPath>
      </logicalFolder>
      <itemPath>../../../../sources/applications/applestreamingclient/src/applestreamingclient.cpp</itemPath>
      <itemPath>../../../../sources/applications/applestreamingclient/src/applestreamingclientapplication.cpp</itemPath>
      <itemPath>../../../../sources/applications/applestreamingclient/src/clientcontext.cpp</itemPath>
      <itemPath>../../../../sources/applications/applestreamingclient/src/jnihelpers.cpp</itemPath>
      <itemPath>../../../../sources/applications/applestreamingclient/src/playlist.cpp</itemPath>
      <itemPath>../../../../sources/applications/applestreamingclient/src/speedcomputer.cpp</itemPath>
    </logicalFolder>
    <logicalFolder name="ExternalFiles"
                   displayName="Important Files"
                   projectFiles="false">
      <itemPath>Makefile.nb</itemPath>
    </logicalFolder>
  </logicalFolder>
  <sourceRootList>
    <Elem>../../../sources/applications/applestreamingclient/include</Elem>
    <Elem>../../../sources/applications/applestreamingclient/src</Elem>
    <Elem>../../../../sources/applications/applestreamingclient/include</Elem>
    <Elem>../../../../sources/applications/applestreamingclient/src</Elem>
  </sourceRootList>
  <projectmakefile>Makefile.nb</projectmakefile>
  <confs>
    <conf name="Debug" type="2">
      <toolsSet>
        <remote-sources-mode>LOCAL_SOURCES</remote-sources-mode>
        <compilerSet>GNU|GNU</compilerSet>
        <dependencyChecking>true</dependencyChecking>
        <rebuildPropChanged>false</rebuildPropChanged>
      </toolsSet>
      <compileType>
        <ccTool>
          <incDir>
            <pElem>/opt/local/include</pElem>
            <pElem>../../../../sources/common/include</pElem>
            <pElem>../../../../sources/thelib/include</pElem>
            <pElem>../../../../sources/applications/applestreamingclient/include</pElem>
            <pElem>../../../../../android/workbench/android-ndk-r4-crystax/build/platforms/android-4/arch-arm/usr/include</pElem>
          </incDir>
          <preprocessorList>
            <Elem>HAS_MS_TIMER</Elem>
            <Elem>HAS_PROTOCOL_HTTP</Elem>
            <Elem>HAS_PROTOCOL_RTMP</Elem>
            <Elem>HAS_PROTOCOL_TS</Elem>
            <Elem>HAS_PROTOCOL_VAR</Elem>
            <Elem>LITTLE_ENDIAN_BYTE_ALIGNED</Elem>
            <Elem>NET_KQUEUE</Elem>
            <Elem>OSX</Elem>
          </preprocessorList>
        </ccTool>
        <linkerTool>
          <output>../${CND_CONF}/${CND_PLATFORM}/applications/applestreamingclient/libapplestreamingclient.dylib</output>
          <linkerLibItems>
            <linkerLibProjectItem>
              <makeArtifact PL="../thelib"
                            CT="2"
                            CN="Debug"
                            AC="true"
                            BL="true"
                            WD="../thelib"
                            BC="${MAKE}  -f Makefile.nb CONF=Debug"
                            CC="${MAKE}  -f Makefile.nb CONF=Debug clean"
                            OP="../Debug/GNU-MacOSX/libthelib.dylib">
              </makeArtifact>
            </linkerLibProjectItem>
            <linkerLibProjectItem>
              <makeArtifact PL="../common"
                            CT="2"
                            CN="Debug"
                            AC="true"
                            BL="true"
                            WD="../common"
                            BC="${MAKE}  -f Makefile.nb CONF=Debug"
                            CC="${MAKE}  -f Makefile.nb CONF=Debug clean"
                            OP="dist/Debug/GNU-MacOSX/libcommon.dylib">
              </makeArtifact>
            </linkerLibProjectItem>
          </linkerLibItems>
        </linkerTool>
      </compileType>
      <item path="../../../../sources/applications/applestreamingclient/include/applestreamingclient.h"
            ex="false"
            tool="3"
            flavor2="0">
      </item>
      <item path="../../../../sources/applications/applestreamingclient/include/applestreamingclientapplication.h"
            ex="false"
            tool="3"
            flavor2="0">
      </item>
      <item path="../../../../sources/applications/applestreamingclient/include/clientcontext.h"
            ex="false"
            tool="3"
            flavor2="0">
      </item>
      <item path="../../../../sources/applications/applestreamingclient/include/eventsink/baseeventsink.h"
            ex="false"
            tool="3"
            flavor2="0">
      </item>
      <item path="../../../../sources/applications/applestreamingclient/include/eventsink/rtmpeventsink.h"
            ex="false"
            tool="3"
            flavor2="0">
      </item>
      <item path="../../../../sources/applications/applestreamingclient/include/eventsink/varianteventsink.h"
            ex="false"
            tool="3"
            flavor2="0">
      </item>
      <item path="../../../../sources/applications/applestreamingclient/include/jnihelpers.h"
            ex="false"
            tool="3"
            flavor2="0">
      </item>
      <item path="../../../../sources/applications/applestreamingclient/include/playlist.h"
            ex="false"
            tool="3"
            flavor2="0">
      </item>
      <item path="../../../../sources/applications/applestreamingclient/include/protocols/aes/aesappprotocolhandler.h"
            ex="false"
            tool="3"
            flavor2="0">
      </item>
      <item path="../../../../sources/applications/applestreamingclient/include/protocols/aes/inboundaesprotocol.h"
            ex="false"
            tool="3"
            flavor2="0">
      </item>
      <item path="../../../../sources/applications/applestreamingclient/include/protocols/genericprotocol.h"
            ex="false"
            tool="3"
            flavor2="0">
      </item>
      <item path="../../../../sources/applications/applestreamingclient/include/protocols/httpbuff/httpbuffappprotocolhandler.h"
            ex="false"
            tool="3"
            flavor2="0">
      </item>
      <item path="../../../../sources/applications/applestreamingclient/include/protocols/httpbuff/httpbufferprotocol.h"
            ex="false"
            tool="3"
            flavor2="0">
      </item>
      <item path="../../../../sources/applications/applestreamingclient/include/protocols/key/inboundkeyprotocol.h"
            ex="false"
            tool="3"
            flavor2="0">
      </item>
      <item path="../../../../sources/applications/applestreamingclient/include/protocols/key/keyappprotocolhandler.h"
            ex="false"
            tool="3"
            flavor2="0">
      </item>
      <item path="../../../../sources/applications/applestreamingclient/include/protocols/m3u8/basem3u8protocol.h"
            ex="false"
            tool="3"
            flavor2="0">
      </item>
      <item path="../../../../sources/applications/applestreamingclient/include/protocols/m3u8/childm3u8protocol.h"
            ex="false"
            tool="3"
            flavor2="0">
      </item>
      <item path="../../../../sources/applications/applestreamingclient/include/protocols/m3u8/m3u8appprotocolhandler.h"
            ex="false"
            tool="3"
            flavor2="0">
      </item>
      <item path="../../../../sources/applications/applestreamingclient/include/protocols/m3u8/masterm3u8protocol.h"
            ex="false"
            tool="3"
            flavor2="0">
      </item>
      <item path="../../../../sources/applications/applestreamingclient/include/protocols/protocolfactory.h"
            ex="false"
            tool="3"
            flavor2="0">
      </item>
      <item path="../../../../sources/applications/applestreamingclient/include/protocols/rtmp/rtmpappprotocolhandler.h"
            ex="false"
            tool="3"
            flavor2="0">
      </item>
      <item path="../../../../sources/applications/applestreamingclient/include/protocols/rtp/rtspappprotocolhandler.h"
            ex="false"
            tool="3"
            flavor2="0">
      </item>
      <item path="../../../../sources/applications/applestreamingclient/include/protocols/timer/finetimer.h"
            ex="false"
            tool="3"
            flavor2="0">
      </item>
      <item path="../../../../sources/applications/applestreamingclient/include/protocols/timer/scheduletimerprotocol.h"
            ex="false"
            tool="3"
            flavor2="0">
      </item>
      <item path="../../../../sources/applications/applestreamingclient/include/protocols/ts/tsappprotocolhandler.h"
            ex="false"
            tool="3"
            flavor2="0">
      </item>
      <item path="../../../../sources/applications/applestreamingclient/include/protocols/variant/messagestructure.h"
            ex="false"
            tool="3"
            flavor2="0">
      </item>
      <item path="../../../../sources/applications/applestreamingclient/include/protocols/variant/variantappprotocolhandler.h"
            ex="false"
            tool="3"
            flavor2="0">
      </item>
      <item path="../../../../sources/applications/applestreamingclient/include/speedcomputer.h"
            ex="false"
            tool="3"
            flavor2="0">
      </item>
      <item path="../../../../sources/applications/applestreamingclient/src/applestreamingclient.cpp"
            ex="false"
            tool="1"
            flavor2="0">
      </item>
      <item path="../../../../sources/applications/applestreamingclient/src/applestreamingclientapplication.cpp"
            ex="false"
            tool="1"
            flavor2="0">
      </item>
      <item path="../../../../sources/applications/applestreamingclient/src/clientcontext.cpp"
            ex="false"
            tool="1"
            flavor2="0">
      </item>
      <item path="../../../../sources/applications/applestreamingclient/src/eventsink/baseeventsink.cpp"
            ex="false"
            tool="1"
            flavor2="0">
      </item>
      <item path="../../../../sources/applications/applestreamingclient/src/eventsink/rtmpeventsink.cpp"
            ex="false"
            tool="1"
            flavor2="0">
      </item>
      <item path="../../../../sources/applications/applestreamingclient/src/eventsink/varianteventsink.cpp"
            ex="false"
            tool="1"
            flavor2="0">
      </item>
      <item path="../../../../sources/applications/applestreamingclient/src/jnihelpers.cpp"
            ex="false"
            tool="1"
            flavor2="0">
      </item>
      <item path="../../../../sources/applications/applestreamingclient/src/playlist.cpp"
            ex="false"
            tool="1"
            flavor2="0">
      </item>
      <item path="../../../../sources/applications/applestreamingclient/src/protocols/aes/aesappprotocolhandler.cpp"
            ex="false"
            tool="1"
            flavor2="0">
      </item>
      <item path="../../../../sources/applications/applestreamingclient/src/protocols/aes/inboundaesprotocol.cpp"
            ex="false"
            tool="1"
            flavor2="0">
      </item>
      <item path="../../../../sources/applications/applestreamingclient/src/protocols/genericprotocol.cpp"
            ex="false"
            tool="1"
            flavor2="0">
      </item>
      <item path="../../../../sources/applications/applestreamingclient/src/protocols/httpbuff/httpbuffappprotocolhandler.cpp"
            ex="false"
            tool="1"
            flavor2="0">
      </item>
      <item path="../../../../sources/applications/applestreamingclient/src/protocols/httpbuff/httpbufferprotocol.cpp"
            ex="false"
            tool="1"
            flavor2="0">
      </item>
      <item path="../../../../sources/applications/applestreamingclient/src/protocols/key/inboundkeyprotocol.cpp"
            ex="false"
            tool="1"
            flavor2="0">
      </item>
      <item path="../../../../sources/applications/applestreamingclient/src/protocols/key/keyappprotocolhandler.cpp"
            ex="false"
            tool="1"
            flavor2="0">
      </item>
      <item path="../../../../sources/applications/applestreamingclient/src/protocols/m3u8/basem3u8protocol.cpp"
            ex="false"
            tool="1"
            flavor2="0">
      </item>
      <item path="../../../../sources/applications/applestreamingclient/src/protocols/m3u8/childm3u8protocol.cpp"
            ex="false"
            tool="1"
            flavor2="0">
      </item>
      <item path="../../../../sources/applications/applestreamingclient/src/protocols/m3u8/m3u8appprotocolhandler.cpp"
            ex="false"
            tool="1"
            flavor2="0">
      </item>
      <item path="../../../../sources/applications/applestreamingclient/src/protocols/m3u8/masterm3u8protocol.cpp"
            ex="false"
            tool="1"
            flavor2="0">
      </item>
      <item path="../../../../sources/applications/applestreamingclient/src/protocols/protocolfactory.cpp"
            ex="false"
            tool="1"
            flavor2="0">
      </item>
      <item path="../../../../sources/applications/applestreamingclient/src/protocols/rtmp/rtmpappprotocolhandler.cpp"
            ex="false"
            tool="1"
            flavor2="0">
      </item>
      <item path="../../../../sources/applications/applestreamingclient/src/protocols/rtp/rtspappprotocolhandler.cpp"
            ex="false"
            tool="1"
            flavor2="0">
      </item>
      <item path="../../../../sources/applications/applestreamingclient/src/protocols/timer/finetimer.cpp"
            ex="false"
            tool="1"
            flavor2="0">
      </item>
      <item path="../../../../sources/applications/applestreamingclient/src/protocols/timer/scheduletimerprotocol.cpp"
            ex="false"
            tool="1"
            flavor2="0">
      </item>
      <item path="../../../../sources/applications/applestreamingclient/src/protocols/ts/tsappprotocolhandler.cpp"
            ex="false"
            tool="1"
            flavor2="0">
      </item>
      <item path="../../../../sources/applications/applestreamingclient/src/protocols/variant/variantappprotocolhandler.cpp"
            ex="false"
            tool="1"
            flavor2="0">
      </item>
      <item path="../../../../sources/applications/applestreamingclient/src/speedcomputer.cpp"
            ex="false"
            tool="1"
            flavor2="0">
      </item>
    </conf>
    <conf name="Release" type="2">
      <toolsSet>
        <remote-sources-mode>LOCAL_SOURCES</remote-sources-mode>
        <compilerSet>GNU|GNU</compilerSet>
        <dependencyChecking>true</dependencyChecking>
        <rebuildPropChanged>false</rebuildPropChanged>
      </toolsSet>
      <compileType>
        <cTool>
          <developmentMode>5</developmentMode>
        </cTool>
        <ccTool>
          <developmentMode>5</developmentMode>
          <incDir>
            <pElem>/opt/local/include</pElem>
            <pElem>../../../../sources/common/include</pElem>
            <pElem>../../../../sources/thelib/include</pElem>
            <pElem>../../../../sources/applications/applestreamingclient/include</pElem>
          </incDir>
          <preprocessorList>
            <Elem>HAS_PROTOCOL_HTTP</Elem>
            <Elem>HAS_PROTOCOL_RTMP</Elem>
            <Elem>HAS_PROTOCOL_TS</Elem>
            <Elem>HAS_PROTOCOL_VAR</Elem>
            <Elem>LITTLE_ENDIAN_BYTE_ALIGNED</Elem>
            <Elem>NET_KQUEUE</Elem>
            <Elem>OSX</Elem>
          </preprocessorList>
        </ccTool>
        <fortranCompilerTool>
          <developmentMode>5</developmentMode>
        </fortranCompilerTool>
        <linkerTool>
          <output>../${CND_CONF}/${CND_PLATFORM}/applications/applestreamingclient/libapplestreamingclient.dylib</output>
          <linkerLibItems>
            <linkerLibProjectItem>
              <makeArtifact PL="../common"
                            CT="2"
                            CN="Release"
                            AC="false"
                            BL="true"
                            WD="../common"
                            BC="${MAKE}  -f Makefile.nb CONF=Release"
                            CC="${MAKE}  -f Makefile.nb CONF=Release clean"
                            OP="dist/Release/GNU-MacOSX/libcommon.dylib">
              </makeArtifact>
            </linkerLibProjectItem>
            <linkerLibProjectItem>
              <makeArtifact PL="../thelib"
                            CT="2"
                            CN="Release"
                            AC="false"
                            BL="true"
                            WD="../thelib"
                            BC="${MAKE}  -f Makefile.nb CONF=Release"
                            CC="${MAKE}  -f Makefile.nb CONF=Release clean"
                            OP="../Release/GNU-MacOSX/libthelib.dylib">
              </makeArtifact>
            </linkerLibProjectItem>
          </linkerLibItems>
        </linkerTool>
      </compileType>
      <item path="../../../../sources/applications/applestreamingclient/include/applestreamingclient.h"
            ex="false"
            tool="3"
            flavor2="0">
      </item>
      <item path="../../../../sources/applications/applestreamingclient/include/applestreamingclientapplication.h"
            ex="false"
            tool="3"
            flavor2="0">
      </item>
      <item path="../../../../sources/applications/applestreamingclient/include/clientcontext.h"
            ex="false"
            tool="3"
            flavor2="0">
      </item>
      <item path="../../../../sources/applications/applestreamingclient/include/eventsink/baseeventsink.h"
            ex="false"
            tool="3"
            flavor2="0">
      </item>
      <item path="../../../../sources/applications/applestreamingclient/include/eventsink/rtmpeventsink.h"
            ex="false"
            tool="3"
            flavor2="0">
      </item>
      <item path="../../../../sources/applications/applestreamingclient/include/eventsink/varianteventsink.h"
            ex="false"
            tool="3"
            flavor2="0">
      </item>
      <item path="../../../../sources/applications/applestreamingclient/include/jnihelpers.h"
            ex="false"
            tool="3"
            flavor2="0">
      </item>
      <item path="../../../../sources/applications/applestreamingclient/include/playlist.h"
            ex="false"
            tool="3"
            flavor2="0">
      </item>
      <item path="../../../../sources/applications/applestreamingclient/include/protocols/aes/aesappprotocolhandler.h"
            ex="false"
            tool="3"
            flavor2="0">
      </item>
      <item path="../../../../sources/applications/applestreamingclient/include/protocols/aes/inboundaesprotocol.h"
            ex="false"
            tool="3"
            flavor2="0">
      </item>
      <item path="../../../../sources/applications/applestreamingclient/include/protocols/genericprotocol.h"
            ex="false"
            tool="3"
            flavor2="0">
      </item>
      <item path="../../../../sources/applications/applestreamingclient/include/protocols/httpbuff/httpbuffappprotocolhandler.h"
            ex="false"
            tool="3"
            flavor2="0">
      </item>
      <item path="../../../../sources/applications/applestreamingclient/include/protocols/httpbuff/httpbufferprotocol.h"
            ex="false"
            tool="3"
            flavor2="0">
      </item>
      <item path="../../../../sources/applications/applestreamingclient/include/protocols/key/inboundkeyprotocol.h"
            ex="false"
            tool="3"
            flavor2="0">
      </item>
      <item path="../../../../sources/applications/applestreamingclient/include/protocols/key/keyappprotocolhandler.h"
            ex="false"
            tool="3"
            flavor2="0">
      </item>
      <item path="../../../../sources/applications/applestreamingclient/include/protocols/m3u8/basem3u8protocol.h"
            ex="false"
            tool="3"
            flavor2="0">
      </item>
      <item path="../../../../sources/applications/applestreamingclient/include/protocols/m3u8/childm3u8protocol.h"
            ex="false"
            tool="3"
            flavor2="0">
      </item>
      <item path="../../../../sources/applications/applestreamingclient/include/protocols/m3u8/m3u8appprotocolhandler.h"
            ex="false"
            tool="3"
            flavor2="0">
      </item>
      <item path="../../../../sources/applications/applestreamingclient/include/protocols/m3u8/masterm3u8protocol.h"
            ex="false"
            tool="3"
            flavor2="0">
      </item>
      <item path="../../../../sources/applications/applestreamingclient/include/protocols/protocolfactory.h"
            ex="false"
            tool="3"
            flavor2="0">
      </item>
      <item path="../../../../sources/applications/applestreamingclient/include/protocols/rtmp/rtmpappprotocolhandler.h"
            ex="false"
            tool="3"
            flavor2="0">
      </item>
      <item path="../../../../sources/applications/applestreamingclient/include/protocols/rtp/rtspappprotocolhandler.h"
            ex="false"
            tool="3"
            flavor2="0">
      </item>
      <item path="../../../../sources/applications/applestreamingclient/include/protocols/timer/finetimer.h"
            ex="false"
            tool="3"
            flavor2="0">
      </item>
      <item path="../../../../sources/applications/applestreamingclient/include/protocols/timer/scheduletimerprotocol.h"
            ex="false"
            tool="3"
            flavor2="0">
      </item>
      <item path="../../../../sources/applications/applestreamingclient/include/protocols/ts/tsappprotocolhandler.h"
            ex="false"
            tool="3"
            flavor2="0">
      </item>
      <item path="../../../../sources/applications/applestreamingclient/include/protocols/variant/messagestructure.h"
            ex="false"
            tool="3"
            flavor2="0">
      </item>
      <item path="../../../../sources/applications/applestreamingclient/include/protocols/variant/variantappprotocolhandler.h"
            ex="false"
            tool="3"
            flavor2="0">
      </item>
      <item path="../../../../sources/applications/applestreamingclient/include/speedcomputer.h"
            ex="false"
            tool="3"
            flavor2="0">
      </item>
      <item path="../../../../sources/applications/applestreamingclient/src/applestreamingclient.cpp"
            ex="false"
            tool="1"
            flavor2="0">
      </item>
      <item path="../../../../sources/applications/applestreamingclient/src/applestreamingclientapplication.cpp"
            ex="false"
            tool="1"
            flavor2="0">
      </item>
      <item path="../../../../sources/applications/applestreamingclient/src/clientcontext.cpp"
            ex="false"
            tool="1"
            flavor2="0">
      </item>
      <item path="../../../../sources/applications/applestreamingclient/src/eventsink/baseeventsink.cpp"
            ex="false"
            tool="1"
            flavor2="0">
      </item>
      <item path="../../../../sources/applications/applestreamingclient/src/eventsink/rtmpeventsink.cpp"
            ex="false"
            tool="1"
            flavor2="0">
      </item>
      <item path="../../../../sources/applications/applestreamingclient/src/eventsink/varianteventsink.cpp"
            ex="false"
            tool="1"
            flavor2="0">
      </item>
      <item path="../../../../sources/applications/applestreamingclient/src/jnihelpers.cpp"
            ex="false"
            tool="1"
            flavor2="0">
      </item>
      <item path="../../../../sources/applications/applestreamingclient/src/playlist.cpp"
            ex="false"
            tool="1"
            flavor2="0">
      </item>
      <item path="../../../../sources/applications/applestreamingclient/src/protocols/aes/aesappprotocolhandler.cpp"
            ex="false"
            tool="1"
            flavor2="0">
      </item>
      <item path="../../../../sources/applications/applestreamingclient/src/protocols/aes/inboundaesprotocol.cpp"
            ex="false"
            tool="1"
            flavor2="0">
      </item>
      <item path="../../../../sources/applications/applestreamingclient/src/protocols/genericprotocol.cpp"
            ex="false"
            tool="1"
            flavor2="0">
      </item>
      <item path="../../../../sources/applications/applestreamingclient/src/protocols/httpbuff/httpbuffappprotocolhandler.cpp"
            ex="false"
            tool="1"
            flavor2="0">
      </item>
      <item path="../../../../sources/applications/applestreamingclient/src/protocols/httpbuff/httpbufferprotocol.cpp"
            ex="false"
            tool="1"
            flavor2="0">
      </item>
      <item path="../../../../sources/applications/applestreamingclient/src/protocols/key/inboundkeyprotocol.cpp"
            ex="false"
            tool="1"
            flavor2="0">
      </item>
      <item path="../../../../sources/applications/applestreamingclient/src/protocols/key/keyappprotocolhandler.cpp"
            ex="false"
            tool="1"
            flavor2="0">
      </item>
      <item path="../../../../sources/applications/applestreamingclient/src/protocols/m3u8/basem3u8protocol.cpp"
            ex="false"
            tool="1"
            flavor2="0">
      </item>
      <item path="../../../../sources/applications/applestreamingclient/src/protocols/m3u8/childm3u8protocol.cpp"
            ex="false"
            tool="1"
            flavor2="0">
      </item>
      <item path="../../../../sources/applications/applestreamingclient/src/protocols/m3u8/m3u8appprotocolhandler.cpp"
            ex="false"
            tool="1"
            flavor2="0">
      </item>
      <item path="../../../../sources/applications/applestreamingclient/src/protocols/m3u8/masterm3u8protocol.cpp"
            ex="false"
            tool="1"
            flavor2="0">
      </item>
      <item path="../../../../sources/applications/applestreamingclient/src/protocols/protocolfactory.cpp"
            ex="false"
            tool="1"
            flavor2="0">
      </item>
      <item path="../../../../sources/applications/applestreamingclient/src/protocols/rtmp/rtmpappprotocolhandler.cpp"
            ex="false"
            tool="1"
            flavor2="0">
      </item>
      <item path="../../../../sources/applications/applestreamingclient/src/protocols/rtp/rtspappprotocolhandler.cpp"
            ex="false"
            tool="1"
            flavor2="0">
      </item>
      <item path="../../../../sources/applications/applestreamingclient/src/protocols/timer/finetimer.cpp"
            ex="false"
            tool="1"
            flavor2="0">
      </item>
      <item path="../../../../sources/applications/applestreamingclient/src/protocols/timer/scheduletimerprotocol.cpp"
            ex="false"
            tool="1"
            flavor2="0">
      </item>
      <item path="../../../../sources/applications/applestreamingclient/src/protocols/ts/tsappprotocolhandler.cpp"
            ex="false"
            tool="1"
            flavor2="0">
      </item>
      <item path="../../../../sources/applications/applestreamingclient/src/protocols/variant/variantappprotocolhandler.cpp"
            ex="false"
            tool="1"
            flavor2="0">
      </item>
      <item path="../../../../sources/applications/applestreamingclient/src/speedcomputer.cpp"
            ex="false"
            tool="1"
            flavor2="0">
      </item>
    </conf>
  </confs>
</configurationDescriptor>
