<?xml version="1.0" encoding="UTF-8"?>
<configurationDescriptor version="89">
  <logicalFolder name="root" displayName="root" projectFiles="true" kind="ROOT">
    <logicalFolder name="include" displayName="include" projectFiles="true">
      <itemPath>../../../../sources/vmtests/include/testvmlua.h</itemPath>
      <itemPath>../../../../sources/vmtests/include/testvmv8.h</itemPath>
    </logicalFolder>
    <logicalFolder name="src" displayName="src" projectFiles="true">
      <itemPath>../../../../sources/vmtests/src/main.cpp</itemPath>
      <itemPath>../../../../sources/vmtests/src/testvmlua.cpp</itemPath>
      <itemPath>../../../../sources/vmtests/src/testvmv8.cpp</itemPath>
    </logicalFolder>
    <logicalFolder name="ExternalFiles"
                   displayName="Important Files"
                   projectFiles="false">
      <itemPath>Makefile.nb</itemPath>
    </logicalFolder>
  </logicalFolder>
  <sourceRootList>
    <Elem>../../../../sources/vmtests/include</Elem>
    <Elem>../../../../sources/vmtests/src</Elem>
  </sourceRootList>
  <projectmakefile>Makefile.nb</projectmakefile>
  <confs>
    <conf name="Debug" type="1">
      <toolsSet>
        <remote-sources-mode>LOCAL_SOURCES</remote-sources-mode>
        <compilerSet>GNU|GNU</compilerSet>
        <dependencyChecking>true</dependencyChecking>
        <rebuildPropChanged>false</rebuildPropChanged>
      </toolsSet>
      <compileType>
        <ccTool>
          <incDir>
            <pElem>../../../../sources/common/include</pElem>
            <pElem>../../../../sources/vm/include</pElem>
            <pElem>../../../../sources/vmtests/include</pElem>
            <pElem>../../../../../v8/include</pElem>
          </incDir>
          <preprocessorList>
            <Elem>HAS_LUA</Elem>
            <Elem>HAS_V8</Elem>
            <Elem>OSX</Elem>
          </preprocessorList>
        </ccTool>
        <linkerTool>
          <linkerLibItems>
            <linkerLibProjectItem>
              <makeArtifact PL="../common"
                            CT="2"
                            CN="Debug"
                            AC="true"
                            BL="true"
                            WD="../common"
                            BC="${MAKE}  -f Makefile.nb CONF=Debug"
                            CC="${MAKE}  -f Makefile.nb CONF=Debug clean"
                            OP="dist/Debug/GNU-MacOSX/libcommon.dylib">
              </makeArtifact>
            </linkerLibProjectItem>
            <linkerLibProjectItem>
              <makeArtifact PL="../vm"
                            CT="2"
                            CN="Debug"
                            AC="true"
                            BL="true"
                            WD="../vm"
                            BC="${MAKE}  -f Makefile.nb CONF=Debug"
                            CC="${MAKE}  -f Makefile.nb CONF=Debug clean"
                            OP="dist/Debug/GNU-MacOSX/libvm.dylib">
              </makeArtifact>
            </linkerLibProjectItem>
          </linkerLibItems>
        </linkerTool>
      </compileType>
      <item path="../../../../sources/vmtests/include/testvmlua.h"
            ex="false"
            tool="3"
            flavor2="0">
      </item>
      <item path="../../../../sources/vmtests/include/testvmv8.h"
            ex="false"
            tool="3"
            flavor2="0">
      </item>
      <item path="../../../../sources/vmtests/src/main.cpp"
            ex="false"
            tool="1"
            flavor2="0">
      </item>
      <item path="../../../../sources/vmtests/src/testvmlua.cpp"
            ex="false"
            tool="1"
            flavor2="0">
      </item>
      <item path="../../../../sources/vmtests/src/testvmv8.cpp"
            ex="false"
            tool="1"
            flavor2="0">
      </item>
    </conf>
    <conf name="Release" type="1">
      <toolsSet>
        <remote-sources-mode>LOCAL_SOURCES</remote-sources-mode>
        <compilerSet>GNU|GNU</compilerSet>
        <dependencyChecking>true</dependencyChecking>
        <rebuildPropChanged>false</rebuildPropChanged>
      </toolsSet>
      <compileType>
        <cTool>
          <developmentMode>5</developmentMode>
        </cTool>
        <ccTool>
          <developmentMode>5</developmentMode>
          <incDir>
            <pElem>../../../../sources/common/include</pElem>
            <pElem>../../../../sources/vm/include</pElem>
            <pElem>../../../../sources/vmtests/include</pElem>
            <pElem>../../../../3rdparty/v8/include</pElem>
          </incDir>
          <preprocessorList>
            <Elem>HAS_LUA</Elem>
            <Elem>HAS_V8</Elem>
            <Elem>OSX</Elem>
          </preprocessorList>
        </ccTool>
        <fortranCompilerTool>
          <developmentMode>5</developmentMode>
        </fortranCompilerTool>
        <linkerTool>
          <linkerLibItems>
            <linkerLibProjectItem>
              <makeArtifact PL="../common"
                            CT="2"
                            CN="Release"
                            AC="false"
                            BL="true"
                            WD="../common"
                            BC="${MAKE}  -f Makefile.nb CONF=Release"
                            CC="${MAKE}  -f Makefile.nb CONF=Release clean"
                            OP="dist/Release/GNU-MacOSX/libcommon.dylib">
              </makeArtifact>
            </linkerLibProjectItem>
            <linkerLibProjectItem>
              <makeArtifact PL="../vm"
                            CT="2"
                            CN="Release"
                            AC="false"
                            BL="true"
                            WD="../vm"
                            BC="${MAKE}  -f Makefile.nb CONF=Release"
                            CC="${MAKE}  -f Makefile.nb CONF=Release clean"
                            OP="dist/Release/GNU-MacOSX/libvm.dylib">
              </makeArtifact>
            </linkerLibProjectItem>
          </linkerLibItems>
        </linkerTool>
      </compileType>
      <item path="../../../../sources/vmtests/include/testvmlua.h"
            ex="false"
            tool="3"
            flavor2="0">
      </item>
      <item path="../../../../sources/vmtests/include/testvmv8.h"
            ex="false"
            tool="3"
            flavor2="0">
      </item>
      <item path="../../../../sources/vmtests/src/main.cpp"
            ex="false"
            tool="1"
            flavor2="0">
      </item>
      <item path="../../../../sources/vmtests/src/testvmlua.cpp"
            ex="false"
            tool="1"
            flavor2="0">
      </item>
      <item path="../../../../sources/vmtests/src/testvmv8.cpp"
            ex="false"
            tool="1"
            flavor2="0">
      </item>
    </conf>
  </confs>
</configurationDescriptor>
